<keymap version="1" name="Calcopod" parent="ReSharper">
  <action id="ActivateFavoritesToolWindow" />
  <action id="ActivateTerminalToolWindow">
    <keyboard-shortcut first-keystroke="alt 2" />
  </action>
  <action id="AddToFavoritesPopup" />
  <action id="Arrangement.Alias.Rule.Match.Condition.Move.Down" />
  <action id="Arrangement.Rule.Group.Condition.Move.Down" />
  <action id="Arrangement.Rule.Group.Condition.Move.Up" />
  <action id="Arrangement.Rule.Match.Condition.Move.Down" />
  <action id="Arrangement.Rule.Match.Condition.Move.Up" />
  <action id="ClassNameCompletion" />
  <action id="CloneCaretAboveWithVirtualSpace" />
  <action id="CloneCaretBelowWithVirtualSpace" />
  <action id="CodeCleanup" />
  <action id="GotoDeclaration">
    <mouse-shortcut keystroke="control button1" />
    <mouse-shortcut keystroke="button2" />
    <keyboard-shortcut first-keystroke="f12" />
  </action>
  <action id="GotoNextError" />
  <action id="MethodDown">
    <keyboard-shortcut first-keystroke="shift alt down" />
  </action>
  <action id="MethodUp">
    <keyboard-shortcut first-keystroke="shift alt up" />
  </action>
  <action id="MoveLineDown">
    <keyboard-shortcut first-keystroke="alt down" />
  </action>
  <action id="MoveLineUp">
    <keyboard-shortcut first-keystroke="alt up" />
  </action>
  <action id="MoveTabRight">
    <keyboard-shortcut first-keystroke="alt period" />
  </action>
  <action id="ReformatCode">
    <keyboard-shortcut first-keystroke="shift alt f" />
  </action>
  <action id="ShowContent" />
  <action id="ShowFilterPopup" />
  <action id="ShowSearchHistory" />
  <action id="SilentCodeCleanup">
    <keyboard-shortcut first-keystroke="ctrl alt f" />
  </action>
  <action id="Terminal.OpenInTerminal">
    <keyboard-shortcut first-keystroke="ctrl alt space" />
  </action>
  <action id="UsageGrouping.FileStructure" />
  <action id="UsageView.ShowRecentFindUsages" />
</keymap>